"","DrugName","dd","dd_min","dd_max","title","Dose_ID"
"1","panRAFi_Belvarafenib","0.00196735025898857","0.000667160580879062","0.00326753993709809","50mg_QD","panRAFi_Belvarafenib[50mg_QD]"
"2","panRAFi_Belvarafenib","0.00801936449639676","0.00207517990903197","0.0139635490837616","200mg_QD","panRAFi_Belvarafenib[200mg_QD]"
"3","panRAFi_Belvarafenib","0.00817956254248844","0.00232120049849999","0.0140379245864769","100mg_BID","panRAFi_Belvarafenib[100mg_BID]"
"4","panRAFi_Belvarafenib","0.0309705857884375","0.00929790213950973","0.0526432694373653","400mg_BID","panRAFi_Belvarafenib[400mg_BID]"
"5","MEKi_Cobimetinib","0.00396799461560352","0.000399392451473349","0.00753659677973369","20mg_QOD","MEKi_Cobimetinib[20mg_QOD]"
"6","MEKi_Cobimetinib","0.00777106918295022","0.00122561861899516","0.0143165197469053","20mg_QD","MEKi_Cobimetinib[20mg_QD]"
"7","MEKi_Cobimetinib","0.0159159613442567","0.0034245379212953","0.028407384767218","40mg_QD","MEKi_Cobimetinib[40mg_QD]"
"8","MEKi_Cobimetinib","0.025151861161657","0.000933697046841979","0.0493700252764721","60mg_QD","MEKi_Cobimetinib[60mg_QD]"
