DrugName,dd,dd_min,dd_max,title
panRAFi_Belvarafenib,0.00425034973795753,0.00300764658587308,0.00600651452195519,50mg_QD
panRAFi_Belvarafenib,0.00941649092769298,0.00828802927573381,0.0106985989601821,100mg_QD
panRAFi_Belvarafenib,0.0108225001565991,0.0098248544123848,0.0119214498987326,200mg_QD
panRAFi_Belvarafenib,0.0154661015179671,0.0138198498157746,0.0173084584386027,400mg_BID
MEKi_Cobimetinib,0.00163448146056842,0.00034549218897045,0.00527536231884058,20mg_TIW
MEKi_Cobimetinib,0.00362130623000188,0.00231014362948396,0.00567664219838133,20mg_QD
MEKi_Cobimetinib,0.0156597026162244,0.00921158977424963,0.0266214944475814,40mg_QD
MEKi_Cobimetinib,0.0228044419348767,0.0145973488209513,0.0356258234519104,60mg_QD
